{
  "video_17": 0.05723382807672235,
  "video_3": 0.07586509406135113,
  "video_16": 0.08481751941533835,
  "video_5": 0.08820779469357592,
  "video_20": 0.09316756313309968,
  "video_18": 0.10010626949346282,
  "video_14": 0.12071629818628248,
  "video_2": 0.1410059458426557,
  "video_25": 0.156042602393104,
  "video_22": 0.16112744418303082,
  "video_7": 0.18072343955772172,
  "video_13": 0.18666016201212823,
  "video_10": 0.1910748472663037,
  "video_1": 0.22560639713572397,
  "video_9": 0.2300362649874776,
  "video_4": 0.23939680427200485,
  "video_23": 0.2606208654342127,
  "video_6": 0.26299070428949806,
  "video_21": 0.26853916613679435,
  "video_8": 0.2801667102340758,
  "video_11": 0.2966422541812371,
  "video_15": 0.33667194211884394,
  "video_12": 0.39272284747110936,
  "video_19": 0.41565126512773887,
  "video_24": 0.44197012262512525}