{
  "video_25": 0.07750509764627488,
  "video_40": 0.07785442815390795,
  "video_8": 0.07943616768668312,
  "video_34": 0.08110729513208545,
  "video_22": 0.08201897430212964,
  "video_10": 0.08696114658910088,
  "video_46": 0.10084834045005749,
  "video_26": 0.11323259347574581,
  "video_32": 0.11983165992685704,
  "video_47": 0.12547470278470002,
  "video_24": 0.12845410491329448,
  "video_48": 0.13504643698892854,
  "video_19": 0.1363793359151915,
  "video_50": 0.1374407670787287,
  "video_23": 0.14295184116920395,
  "video_6": 0.15078973858368924,
  "video_36": 0.15473492918056547,
  "video_16": 0.15585309336415193,
  "video_27": 0.15939271267462782,
  "video_35": 0.1670862050233827,
  "video_30": 0.17333682075243578,
  "video_41": 0.18282199142564487,
  "video_13": 0.19997380372957574,
  "video_43": 0.20525276437629447,
  "video_31": 0.20560309078443134,
  "video_4": 0.20701812030025818,
  "video_38": 0.20843701226228784,
  "video_14": 0.2134436107233721,
  "video_37": 0.23045578395825625,
  "video_15": 0.2336870478971405,
  "video_18": 0.24332925784420983,
  "video_28": 0.2525134733233695,
  "video_9": 0.2561767319378416,
  "video_45": 0.2572033477479584,
  "video_17": 0.26130983962862764,
  "video_42": 0.2660295185922436,
  "video_20": 0.26880604066171954,
  "video_21": 0.26912253526797275,
  "video_49": 0.27118363696732606,
  "video_1": 0.2740630927883905,
  "video_3": 0.28204031296357135,
  "video_44": 0.29487880979721803,
  "video_29": 0.30050457415007137,
  "video_11": 0.3006936987714395,
  "video_33": 0.3008635188018535,
  "video_39": 0.3032766939944919,
  "video_5": 0.30964878326812784,
  "video_7": 0.3110336202169933,
  "video_12": 0.3564272604600332,
  "video_2": 0.35708617628147593}
